{
    "$schema": "https://schema.management.azure.com/schemas/2015-01-01/deploymentParameters.json#",
    "contentVersion": "1.0.0.0",
    "parameters": {
        "extensions_automate_setup_commandToExecute": {
            "value": null
        },
        "extensions_enablevmaccess_username": {
            "value": null
        },
        "extensions_enablevmaccess_password": {
            "value": null
        },
        "extensions_enablevmaccess_ssh_key": {
            "value": null
        },
        "extensions_enablevmaccess_reset_ssh": {
            "value": null
        },
        "extensions_enablevmaccess_remove_user": {
            "value": null
        },
        "extensions_enablevmaccess_expiration": {
            "value": null
        },
        "virtualMachines_ChefAutomate_name": {
            "value": null
        },
        "networkInterfaces_chefAutomateNic_externalid": {
            "value": null
        }
    }
}