{
    "$schema": "https://schema.management.azure.com/schemas/2015-01-01/deploymentTemplate.json#",
    "contentVersion": "1.0.0.0",
    "parameters": {
        "extensions_automate_setup_commandToExecute": {
            "type": "SecureString"
        },
        "extensions_enablevmaccess_username": {
            "type": "SecureString"
        },
        "extensions_enablevmaccess_password": {
            "type": "SecureString"
        },
        "extensions_enablevmaccess_ssh_key": {
            "type": "SecureString"
        },
        "extensions_enablevmaccess_reset_ssh": {
            "type": "SecureString"
        },
        "extensions_enablevmaccess_remove_user": {
            "type": "SecureString"
        },
        "extensions_enablevmaccess_expiration": {
            "type": "SecureString"
        },
        "virtualMachines_ChefAutomate_name": {
            "defaultValue": "ChefAutomate",
            "type": "String"
        },
        "networkInterfaces_chefAutomateNic_externalid": {
            "defaultValue": "/subscriptions/4f02bf0c-ad05-4f7b-843d-ea77ab8e4d8d/resourceGroups/chefRG/providers/Microsoft.Network/networkInterfaces/chefAutomateNic",
            "type": "String"
        }
    },
    "variables": {},
    "resources": [
        {
            "type": "Microsoft.Compute/virtualMachines",
            "apiVersion": "2019-07-01",
            "name": "[parameters('virtualMachines_ChefAutomate_name')]",
            "location": "centralus",
            "tags": {
                "project": "Chef Automate",
                "provider": "33194F91-EB5F-4110-827A-E95F640A9E46"
            },
            "plan": {
                "name": "byol",
                "product": "chef-automate-vm-image",
                "publisher": "chef-software"
            },
            "properties": {
                "hardwareProfile": {
                    "vmSize": "Standard_D2_v2"
                },
                "storageProfile": {
                    "imageReference": {
                        "publisher": "chef-software",
                        "offer": "chef-automate-vm-image",
                        "sku": "byol",
                        "version": "latest"
                    },
                    "osDisk": {
                        "osType": "Linux",
                        "name": "[parameters('virtualMachines_ChefAutomate_name')]",
                        "createOption": "FromImage",
                        "vhd": {
                            "uri": "[concat('https://chefdiskccc41b9870.blob.core.windows.net/vhds/', parameters('virtualMachines_ChefAutomate_name'), 'supnrfqw3dpky.vhd')]"
                        },
                        "caching": "ReadWrite",
                        "diskSizeGB": 30
                    },
                    "dataDisks": []
                },
                "osProfile": {
                    "computerName": "[parameters('virtualMachines_ChefAutomate_name')]",
                    "adminUsername": "jxf8600",
                    "linuxConfiguration": {
                        "disablePasswordAuthentication": false
                    },
                    "secrets": []
                },
                "networkProfile": {
                    "networkInterfaces": [
                        {
                            "id": "[parameters('networkInterfaces_chefAutomateNic_externalid')]"
                        }
                    ]
                },
                "diagnosticsProfile": {
                    "bootDiagnostics": {
                        "enabled": true,
                        "storageUri": "https://chefdiag55621af06b.blob.core.windows.net/"
                    }
                }
            }
        },
        {
            "type": "Microsoft.Compute/virtualMachines/extensions",
            "apiVersion": "2019-07-01",
            "name": "[concat(parameters('virtualMachines_ChefAutomate_name'), '/automate_setup')]",
            "location": "centralus",
            "dependsOn": [
                "[resourceId('Microsoft.Compute/virtualMachines', parameters('virtualMachines_ChefAutomate_name'))]"
            ],
            "tags": {
                "project": "Chef Automate",
                "provider": "33194F91-EB5F-4110-827A-E95F640A9E46"
            },
            "properties": {
                "autoUpgradeMinorVersion": true,
                "publisher": "Microsoft.OSTCExtensions",
                "type": "CustomScriptForLinux",
                "typeHandlerVersion": "1.3",
                "settings": {
                    "fileUris": [
                        "https://catalogartifact.azureedge.net/publicartifacts/chef-software.chef-automate-0fecdb54-dd5c-457b-87a2-2b6f247a981a-allinone/Artifacts/automate_setup.rb"
                    ]
                },
                "protectedSettings": {
                    "commandToExecute": "[parameters('extensions_automate_setup_commandToExecute')]"
                }
            }
        },
        {
            "type": "Microsoft.Compute/virtualMachines/extensions",
            "apiVersion": "2019-07-01",
            "name": "[concat(parameters('virtualMachines_ChefAutomate_name'), '/enablevmaccess')]",
            "location": "centralus",
            "dependsOn": [
                "[resourceId('Microsoft.Compute/virtualMachines', parameters('virtualMachines_ChefAutomate_name'))]"
            ],
            "properties": {
                "autoUpgradeMinorVersion": true,
                "publisher": "Microsoft.OSTCExtensions",
                "type": "VMAccessForLinux",
                "typeHandlerVersion": "1.4",
                "settings": {},
                "protectedSettings": {
                    "username": "[parameters('extensions_enablevmaccess_username')]",
                    "password": "[parameters('extensions_enablevmaccess_password')]",
                    "ssh_key": "[parameters('extensions_enablevmaccess_ssh_key')]",
                    "reset_ssh": "[parameters('extensions_enablevmaccess_reset_ssh')]",
                    "remove_user": "[parameters('extensions_enablevmaccess_remove_user')]",
                    "expiration": "[parameters('extensions_enablevmaccess_expiration')]"
                }
            }
        }
    ]
}